,title,preview
0,NASA's Curiosity Mars Rover Snaps Its Highest-Resolution Panorama Yet,"To go along with the stunning 1.8-billion-pixel image, a new video offers a sweeping view of the Red Planet."
1,AI Is Helping Scientists Discover Fresh Craters on Mars,It's the first time machine learning has been used to find previously unknown craters on the Red Planet.
2,NASA's Mars 2020 Rover Tests Descent-Stage Separation,A crane lifts the rocket-powered descent stage away from NASA's Mars 2020 rover after technicians tested the pyrotechnic charges that separate the two spacecraft.
3,NASA's Perseverance Mars Rover Gets Balanced,The mission team performed a crucial weight-balancing test on the rover in preparation for this summer's history-making launch to the Red Planet.
4,NASA's Mars 2020 Comes Full Circle,"Aiming to pinpoint the Martian vehicle's center of gravity, engineers took NASA's 2,300-pound Mars 2020 rover for a spin in the clean room at JPL. "
5,The MarCO Mission Comes to an End,The pair of briefcase-sized satellites made history when they sailed past Mars in 2019.
6,"NASA to Broadcast Mars 2020 Perseverance Launch, Prelaunch Activities","Starting July 27, news activities will cover everything from mission engineering and science to returning samples from Mars to, of course, the launch itself."
7,"Heat and Dust Help Launch Martian Water Into Space, Scientists Find","Scientists using an instrument aboard NASA’s Mars Atmosphere and Volatile EvolutioN, or MAVEN, spacecraft have discovered that water vapor near the surface of the Red Planet is lofted higher into the atmosphere than anyone expected was possible. "
8,3 Things We've Learned From NASA's Mars InSight ,Scientists are finding new mysteries since the geophysics mission landed two years ago.
9,Join NASA for the Launch of the Mars 2020 Perseverance Rover,"No matter where you live, choose from a menu of activities to join NASA as we ""Countdown to Mars"" and launch the Perseverance rover to the Red Planet."
10,5 Hidden Gems Are Riding Aboard NASA's Perseverance Rover,"The symbols, mottos, and small objects added to the agency's newest Mars rover serve a variety of purposes, from functional to decorative."
11,NASA to Reveal Name of Its Next Mars Rover,"After a months-long contest among students to name NASA's newest Mars rover, the agency will reveal the winning name — and the winning student — this Thursday. "
12,NASA Invites Students to Name Mars 2020 Rover,"Through Nov. 1, K-12 students in the U.S. are encouraged to enter an essay contest to name NASA's next Mars rover."
13,Deadline Closing for Names to Fly on NASA's Next Mars Rover,You have until Sept. 30 to send your names to Mars aboard the Mars 2020 rover. 
14,Hear Audio From NASA's Perseverance As It Travels Through Deep Space,"The first to be rigged with microphones, the agency's latest Mars rover picked up the subtle sounds of its own inner workings during interplanetary flight."
